ASSOCIAÇÃO,DETENTOR,"",NOME COMERCIAL,CONCENTRAÇÃO,FORMA FARMACÊUTICA,DATA DE INCLUSÃO
8-HIDROXIQUINOLINA (BORATO) + TROLAMINA,Alcon,"",CERUMIN,"0,4mg/mL + 140mg/mL",sol oto,12/11/2012
CAFEINA ANIDRA + ORFENADRINA (CITRATO) + PARACETAMOL,Sanofi-Aventis,"",BENOFLEX P,"50mg + 35 ,g + 450mg",com,12/11/2012
ACETATO DE BETAMETASONA + FOSFATO DISSÓDICO DE BETAMETASONA,Mantecorp,"",CELESTONE SOLUSPAN,3mg/mL + 3mg/mL,susp inj,12/11/2012
ACETATO DE CIPROTERONA + ETINILESTRADIOL,Schering do Brasil,"",DIANE 35,"2mg + 0,035mg",drag,12/11/2012
ACETATO DE CIPROTERONA + VALERATO DE ESTRADIOL / VALERATO DE ESTRADIOL,Bayer,"",CLIMENE,1mg + 2mg/2mg,drag,12/11/2012
ACETATO DE CLORMADINONA + ETINILESTRADIOL,Janssen Cilag,"",BELARA,"2mg + 0,03mg",com rev,12/11/2012
ACETATO DE HIDROCORTISONA + LIDOCAÍNA + OXIDO DE ZINCO + SUBACETATO DE ALUMÍNIO,Astrazeneca,"",XYLOPROCT,50mg + 2.5mg + 180mg + 35mg,pom ret,12/11/2012
ACETATO DE MEDROXIPROGESTERONA + CIPRIONATO DE ESTRADIOL,Millet Roux,"",CYCLOFEMINA,25mg/AMP + 5mg/AMP,susp inj,12/11/2012
ACETATO DE NORETISTERONA + ESTRADIOL,Novartis Biociências,"",ESTRAGEST TTS,"0,125mg + 25mcg",ades,12/11/2012
ACETATO DE NORETISTERONA + ESTRADIOL,Eurofarma,"",ACTIVELLE,"0,5mg + 1mg",com rev,17/03/2014
ACETATO DE NORETISTERONA + ETINILESTRADIOL,Bayer,"",PRIMOSISTON,"2mg + 0,01mg",com,12/11/2012
ACETILCISTEÍNA + SULFATO DE TUAMINOEPTANO,Zambon,"",RINOFLUIMUCIL,10mg/mL + 5mg/mL,sol got nas,12/11/2012
ÁCIDO ACETILSALICÍLICO + ÁCIDO ASCÓRBICO,Bayer,"",ASPIRINA C EFERVESCENTE,400mg + 240mg,com efev,12/11/2012
ÁCIDO ACETILSALICÍLICO + BICARBONATO DE SÓDIO+ ÁCIDO CÍTRICO,Bayer,"",ALKA-SELTZER,324mg+1625mg+965mg,com efev,12/11/2012
ÁCIDO ACETILSALICÍLICO + MALEATO DE DEXCLORFENIRAMINA + CLORIDRATO DE FENILEFRINA + CAFEÍNA,Mantecorp,"",CORISTINA D,400mg/g + 1mg/g + 10mg/g + 30mg/g,com camada tripla,12/11/2012
ÁCIDO ACETILSALICÍLICO + SINVASTATINA,Medley,"",PREVENCOR,100mg + 10mg,comp,31/01/2013
ÁCIDO ACETILSALICÍLICO + SINVASTATINA,Medley,"",PREVENCOR,100mg + 20mg,comp,31/01/2013
ÁCIDO ACETILSALICÍLICO + SINVASTATINA,Medley,"",PREVENCOR,100mg + 40mg,comp,31/01/2013
ÁCIDO BÓRICO + ÁCIDO SALICÍLICO + ENXOFRE + ÓXIDO DE ZINCO,Casa Granado,"",POLVILHO ANTI-SÉPTICCO GRANADO,"11,735g + 0.352g + 17.602g + 11,735g",po top,12/11/2012
ÁCIDO FUSÍDICO + VALERATO DE BETAMETASONA,Leo Pharma,"",VERUTEX B,20mg/g + 1mg/g,crem derm,12/11/2012
ÁCIDO VALPRÓICO + VALPROATO DE SÓDIO,Torrent,"",TORVAL CR,"87,00 / 199,80mg",comp rev lib prolong,05/11/2013
ÁCIDO VALPRÓICO + VALPROATO DE SÓDIO,Torrent,"",TORVAL CR,"145,00 / 333,0mg",comp rev lib prolong,05/11/2013
ADAPALENO + FOSFATO DE CLINDAMICINA,Glenmark,"",ADACNE CLIN,1mg/g + 10mg/g,gel,12/11/2012
ADAPALENO + PERÓXIDO DE BENZOÍLA,Galderma,"",EPIDUO,1mg/g+ 25mg/g,gel,12/11/2012
ÁLCOOL POLIVINÍLICO + POVIDONA,Allergan,"",REFRESH,"1,4% + 0,6%",sol oft,12/11/2012
ALENDRONATO DE SÓDIO + COLECALCIFEROL,"Merck, Sharp & Dohme","",FOSAMAX D,70mg (ác. alendrônico) +5600UI,com,12/11/2012
ALENDRONATO DE SÓDIO + COLECALCIFEROL,"Merck, Sharp & Dohme","",FOSAMAX D,70mg (ác. alendrônico) + 2800UI,com,12/11/2012
ALENDRONATO DE SÓDIO + CARBONATO DE CÁLCIO +COLECALCIFEROL,Farmoquímica,"",ALENDIL CÁLCIO D,70mg+(500 mg +2mg),com + com combinado rev,15/04/2013
ALGESTONA ACETOFENIDA + ENANTATO DE ESTRADIOL,Boehringer Ingelheim,"",PERLUTAN,150mg/mL + 10mg/mL,sol inj,12/11/2012
AMOXICILINA + CLAVULANATO DE POTÁSSIO,Glaxosmithkline,"",CLAVULIN,"125mg/5mL + 31,25mg/5mL",po susp or,12/11/2012
AMOXICILINA + CLAVULANATO DE POTÁSSIO,Glaxosmithkline,"",CLAVULIN,"250mg/5mL + 62,5mg/5mL",po susp or,12/11/2012
AMOXICILINA + CLAVULANATO DE POTÁSSIO,Glaxosmithkline,"",CLAVULIN,500mg + 125mg,com rev,12/11/2012
AMOXICILINA + CLAVULANATO DE POTÁSSIO,Glaxosmithkline,"",CLAVULIN BD,"200mg/5mL + 28,5 mg/5 mL",po susp or,12/11/2012
AMOXICILINA + CLAVULANATO DE POTÁSSIO,Glaxosmithkline,"",CLAVULIN BD,400mg/5mL + 57mg/5 mL,po susp or,12/11/2012
AMOXICILINA + CLAVULANATO DE POTÁSSIO,Glaxosmithkline,CLAVULIN BD,875mg + 125mg,com rev,12/11/2012
AMOXICILINA + CLAVULANATO DE POTÁSSIO,Glaxosmithkline,CLAVULIN ES,"600mg/5 mL + 42,9mg/5 mL",po prep extemp,12/11/2012
AMOXICILINA + CLAVULANATO DE POTÁSSIO,Glaxosmithkline,CLAVULIN IV,1000mg + 200mg,po liof sol inj,12/11/2012
AMOXICILINA + CLAVULANATO DE POTÁSSIO,Glaxosmithkline,CLAVULIN IV,500mg + 100mg,po liof sol inj,12/11/2012
AMOXICILINA + SULBACTAM,Bagó,TRIFAMOX IBL,1000mg + 500mg,po sol inj,12/11/2012
AMOXICILINA + SULBACTAM,Bagó,TRIFAMOX IBL,250mg + 250mg,com rev,12/11/2012
AMOXICILINA + SULBACTAM,Bagó,TRIFAMOX IBL,25mg/mL + 25mg/mL,po prep extemp,12/11/2012
AMOXICILINA + SULBACTAM,Bagó,TRIFAMOX IBL,500mg + 250mg,po sol inj,12/11/2012
AMOXICILINA + SULBACTAM,Bagó,TRIFAMOX IBL,500mg + 500mg,com rev,12/11/2012
AMOXICILINA + SULBACTAM,Bagó,TRIFAMOX IBL,50mg/mL + 50mg/mL,po prep extemp,12/11/2012
AMOXICILINA + SULBACTAM,Bagó,TRIFAMOX IBL BD,200mg/mL + 50mg/mL,po prep extemp (após,12/11/2012
AMOXICILINA + SULBACTAM,Bagó,TRIFAMOX IBL BD,875 mg + 125 mg,com rev,12/11/2012
AMPICILINA SÓDICA + AMPICILINA BENZATINA,Nycomed,OPTACILIN,100mg + 500mg,po liof sol inj,12/11/2012
AMPICILINA SÓDICA + AMPICILINA BENZATINA,Nycomed,OPTACILIN,50mg + 250mg,po liof sol inj,12/11/2012
AMPICILINA SÓDICA + SULBACTAM SÓDICA,Pfizer,UNASYN,"1g + 0,5g",po sol inj,12/11/2012
AMPICILINA SÓDICA + SULBACTAM SÓDICA,Pfizer,UNASYN,2g + 1g,po sol inj,12/11/2012
ARTEMÉTER + LUMEFANTRINA,Novartis Biociências,COARTEM,20mg + 120mg,com,12/11/2012
ARTESUNATO + MEFLOQUINA,Fiocruz,ARTESUNATO + MEFLOQUINA,100mg+220mg,com revestido,30/04/2013
ARTESUNATO + MEFLOQUINA,Fiocruz,ARTESUNATO + MEFLOQUINA,25mg+55mg,com revestido,30/04/2013
ATENOLOL + CLORTALIDONA,Astrazeneca,TENORETIC,100mg + 25mg,com,12/11/2012
ATENOLOL + CLORTALIDONA,Astrazeneca,TENORETIC,"50mg + 12,5mg",com,12/11/2012
ATORVASTATINA CÁLCICA + BESILATO DE AMLODIPINA,Pfizer,CADUET,5mg + 10mg,com rev,12/11/2012
ATORVASTATINA CÁLCICA + BESILATO DE AMLODIPINA,Pfizer,CADUET,5mg + 20mg,com rev,12/11/2012
ATORVASTATINA CÁLCICA + BESILATO DE AMLODIPINA,Pfizer,CADUET,10mg + 10mg,com rev,12/11/2012
ATORVASTATINA CÁLCICA + BESILATO DE AMLODIPINA,Pfizer,CADUET,10mg + 20mg,com rev,12/11/2012
BENZOILMETRONIDAZOL + NISTATINA + CLORETO DE BENZALCÔNICO,Aché,COLPISTATIN,"62,5 mg/g + 25.000UI/g + 1,25 mg/g",crem vag,12/11/2012
BESILATO DE ANLODIPINO + ATENOLOL,Biosintética,BETALOR,"5,0 mg (comp rev) + 25 mg (gran)",cap  dura,12/11/2012
BESILATO DE ANLODIPINO + ATENOLOL,Biosintética,BETALOR,"5,0 mg (comp rev) + 50 mg (gran)",cap  dura,12/11/2012
BESILATO DE ANLODIPINO + LOSARTANA POTÁSSICA,Biosintética,LOTAR,"2,5mg + 50mg",cap  dura,12/11/2012
BESILATO DE ANLODIPINO + LOSARTANA POTÁSSICA,Biosintética,LOTAR,"2,5mg + 50mg",cap  dura,12/11/2012
BESILATO DE ANLODIPINO + LOSARTANA POTÁSSICA,Biosintética,LOTAR,"5,0mg + 50mg",cap  dura,12/11/2012
BESILATO DE ANLODIPINO + LOSARTANA POTÁSSICA,Biosintética,LOTAR,"5,0mg + 100mg",cap  dura,12/11/2012
BESILATO DE ANLODIPINO + LOSARTANA POTÁSSICA,Biosintética,LOTAR,"2,5 mg + 100mg",cap  dura,12/11/2012
BETAMETASONA + MALEATO DE DEXCLORFENIRAMINA,Mantecorp,CELESTAMINE,"0,05mg/mL + 0,4mg/mL",xpe,12/11/2012
BETAMETASONA + MALEATO DE DEXCLORFENIRAMINA,Mantecorp,CELESTAMINE,"0,25mg + 2mg",com,12/11/2012
BISSULFATO DE CLOPIDOGREL+ ÁCIDO ACETILSALICILICO,Sanofi-Aventis,PLAVIX PROTECT,75mg+100mg,com rev,12/11/2012
BRINZOLAMIDA + MALEATO DE TIMOLOL,Alcon,AZORGA,10mg/mL + 5mg/mL,sus oft,14/02/2013
BROMAZEPAM + SULPIRIDA,Sanofi-Aventis,SULPAN,1mg + 25mg,cap  dura,12/11/2012
IPRATRÓPIO (BROMETO) + FENOTEROL (BROMIDRATO),Boehringer Ingelheim,DUOVENT N,"0,02mg/dose + 0,05mg/dose",sol aer inal or+ inal,12/11/2012
IPRATRÓPIO (BROMETO) +  SALBUTAMOL(SULFATO),Boehringer Ingelheim,COMBIVENT,20mcg/50mcL+120mcg/50mcL,aer,12/11/2012
BUTILBROMETO DE ESCOPOLAMINA + DIPIRONA SÓDICA,Boehringer Ingelheim,BUSCOPAN COMPOSTO,10mg + 250mg,com rev,12/11/2012
BUTILBROMETO DE ESCOPOLAMINA + DIPIRONA SÓDICA,Boehringer Ingelheim,BUSCOPAN COMPOSTO,4mg/mL + 500mg/mL,sol inj,12/11/2012
BUTILBROMETO DE ESCOPOLAMINA + DIPIRONA SÓDICA,Boehringer Ingelheim,"",BUSCOPAN COMPOSTO,"6,67mg/mL + 333,4mg/mL",sol or (got),12/11/2012
BUTILBROMETO DE ESCOPOLAMINA + PARACETAMOL,Boehringer Ingelheim,"",BUSCODUO,10mg + 500mg,com rev,12/11/2012
CALAMINA + CLORIDRATO DE DIFENIDRAMINA + CÂNFORA,Johnson & Johnson,"",CALADRYL,10mg/g + 80mg/g + 1mg/g,crem derm,12/11/2012
CALAMINA + CLORIDRATO DE DIFENIDRAMINA + CÂNFORA,Johnson & Johnson,"",CALADRYL,10mg/g + 80mg/g + 1mg/g,loção derm,12/11/2012
CANDESARTANA CILEXETILA + HIDROCLOROTIAZIDA,Astrazeneca,"",ATACAND HCT,"16mg + 12,5mg",com,12/11/2012
CANDESARTANA CILEXETILA + HIDROCLOROTIAZIDA,Astrazeneca,"",ATACAND HCT,"8,0mg + 12,5mg",com,12/11/2012
CAPROATO DE FLUOCORTOLONA + PIVALATO DE FLUOCORTOLONA +,Intendis,"",ULTRAPROCT,"0,945mg + 0,918mg + 5mg + 10mg",pom ret,12/11/2012
CAPROATO DE HIDROXIPROGESTERONA + VALERATO DE ESTRADIOL,Schering do Brasil,"",GESTADINONA,250mg/mL + 5mg/mL,sol inj,12/11/2012
CAPTOPRIL + HIDROCLOROTIAZIDA,Bristol Myers Squibb,"",LOPRIL D,"25mg + 12,5mg",com,12/11/2012
CAPTOPRIL + HIDROCLOROTIAZIDA,Bristol Myers Squibb,"",LOPRIL D,50mg + 25mg,com,12/11/2012
CARBIDOPA + LEVODOPA,Biosintética,"",GENÉRICO,25mg + 250mg,com,02/08/2013
CARBIDOPA + LEVODOPA,"Merck, Sharp & Dohme","",CRONOMET,50mg + 200mg,com desint lenta,12/11/2012
CETOCONAZOL + DIPROPIONATO DE BETAMETASONA + SULFATO DE NEOMICINA,Aché,"",NOVACORT,"20mg/g + 0,64mg/g + 2,5mg/g",crem derm,12/11/2012
CETOCONAZOL + DIPROPIONATO DE BETAMETASONA + SULFATO DE NEOMICINA,Aché,"",NOVACORT,"20mg/g + 0,64mg/g + 2,5mg/g",pom derm,12/11/2012
CIANOCOBALAMINA + CLORIDRATO DE PIRIDOXINA + NITRATO DE TIAMINA +DICLOFENACO SÓDICO,Merck S/A,"",ALGINAC,1 mg + 50 mg + 50 mg + 50 mg,com rev,12/11/2012
(CIANOCOBALAMINA + DICLOFENACO SÓDICO) + (CLORIDRATO DE PIRIDOXINA +CLORIDRATO DE TIAMINA),"","","",(5000mcg + 75 mg) + (100mg + 100mg),sol inj                     (kit 2 ampolas),12/11/2012
CLINDAMICINA + PERÓXIDO DE BENZOÍLA,Stiefel,"",CLINDOXYL,10mg/g + 50mg/g,gel,12/11/2012
CLONIXINATO DE LISINA + CLORIDRATO DE CICLOBENZAPRINA,Farmoquímica,"",DOLAMIN FLEX,125mg + 5mg,com ver,12/11/2012
CLORANFENICOL + ACETATO DE RETINOL + AMINOÁCIDOS + METIONINA,Allergan,"",EPITEZAN,"5,0mg + 10.000UI + 25mg + 5,0mg",pom oft,12/11/2012
CLORANFENICOL + COLAGENASE,Abbott,"",IRUXOL,"0,6U/g + 10mg/g",pom derm,12/11/2012
CLORETO DE CETILPIRÍDINEO + BENZOCAÍNA,Sanofi-Aventis,"",CEPACAÍNA,"0,5mg/mL + 4mg/mL",sol or,12/11/2012
CLORETO DE CETILPIRÍDINEO + BENZOCAÍNA,Sanofi-Aventis,"",CEPACAÍNA,"1,466mg + 10mg",past,12/11/2012
CLORIDRATO DE BENAZEPRIL + HIDROCLOROTIAZIDA,Novartis Biociências,"",LOTENSIN H,"10mg + 12,5mg",com rev,12/11/2012
CLORIDRATO DE BENAZEPRIL + HIDROCLOROTIAZIDA,Novartis Biociências,"",LOTENSIN H,"5mg + 6,25mg",com rev,12/11/2012
CLORIDRATO DE CICLOBENZAPRINA + CAFEÍNA,Apsen,"",MIOSAN CAF,5mg + 30mg,com rev,25/03/2013
CLORIDRATO DE CICLOBENZAPRINA + CAFEÍNA,Apsen,"",MIOSAN CAF,10mg+60mg,com rev,25/03/2013
CLORIDRATO DE CIPROFLOXACINO+ DEXAMETASONA,Alcon,"",CILODEX,"3,5mg/ml eq a 3 mg/ml base +1,0mg/ml",sus oft,12/11/2012
CLORIDRATO DE CIPROFLOXACINO + DEXAMETASONA,Allergan,"",BIAMOTIL D,"3,5mg/g + 1,0mg/g",pom oft,12/11/2012
CLORIDRATO DE CIPROFLOXACINO + DEXAMETASONA,Allergan,"",BIAMOTIL D,"3,5mg/mL + 1,0mg/mL",sol oft,12/11/2012
CLORIDRATO DE CIPROFLOXACINO + HIDROCORTISONA,Alcon,"",CIPRO HC,"2,33mg/mL + 10mg/mL (= 2mg de ciprofloxacino)",susp oto,12/11/2012
CLORIDRATO DE CLOBUTINOL + SUCCINATO DE DOXILAMINA,União Química,"",CLORIDRATO DE CLOBUTINOL +,"4 mg/mL + 0,75 mg/mL",xpe,12/11/2012
CLORIDRATO DE CLOBUTINOL + SUCCINATO DE DOXILAMINA,União Química,"",CLORIDRATO DE CLOBUTINOL +,48 mg/mL + 9 mg/mL,sol or,12/11/2012
CLORIDRATO DE DIFENIDRAMINA + CLORETO DE AMÔNIO + CITRATO DE SÓDIO,Johnson & Johnson,"",BENALET,5mg + 50mg + 10mg,past,12/11/2012
CLORIDRATO DE DORZOLAMIDA + MALEATO DE TIMOLOL,"Merck, Sharp & Dohme","",COSOPT,"20mg/mL + 5,0mg/mL",sol oft,12/11/2012
CLORIDRATO DE FEXOFENADINA + CLORIDRATO DE PSEUDOEFEDRINA,Sanofi-Aventis,"",ALLEGRA D,60mg +120mg,com rev camada dupla,12/11/2012
CLORIDRATO DE ISOMETEPTENO + DIPIRONA SÓDICA + CAFEÍNA ANIDRA,Nycomed,"",NEOSALDINA,50mg/mL + 300mg/mL + 30mg/mL,sol or,12/11/2012
CLORIDRATO DE LEVOBUPIVACAÍNA + HEMITARTARATO DE EPINEFRINA,Cristália,"",NOVABUPI C/ VASO CONSTRICTOR,"0,25% + 9,1mcg/mL",sol inj,12/11/2012
CLORIDRATO DE LEVOBUPIVACAÍNA + HEMITARTARATO DE EPINEFRINA,Cristália,"",NOVABUPI C/ VASO CONSTRICTOR,"0,5% + 9,1mcg/mL",sol inj,12/11/2012
CLORIDRATO DE LEVOBUPIVACAÍNA + HEMITARTARATO DE EPINEFRINA,Cristália,"",NOVABUPI C/ VASO CONSTRICTOR,"0,75% + 9,1mcg/mL",sol inj,12/11/2012
CLORIDRATO DE LIDOCAÍNA + CLORETO DE BENZALCÔNIO,Johnson & Johnson,BAND-AID spr ANTI-SÉPTICO,"20mg/mL + 1,30mg/mL",sol top (spr),12/11/2012
CLORIDRATO DE LIDOCAÍNA + CLORETO DE BENZALCÔNIO,3M do BRASIL,NEXCARE,"25mg/mL + 1,30mg/mL",sol top (spr),12/11/2012
CLORIDRATO DE METFORMINA + GLIBENCLAMIDA,Merck S/A,GLUCOVANCE,"250mg + 1,25mg",com rev,12/11/2012
CLORIDRATO DE METFORMINA + GLIBENCLAMIDA,Merck S/A,GLUCOVANCE,"500mg + 2,5mg",com rev,12/11/2012
CLORIDRATO DE METFORMINA + GLIBENCLAMIDA,Merck S/A,GLUCOVANCE,"500mg + 5,0mg",com rev,12/11/2012
CLORIDRATO DE METFORMINA + GLIBENCLAMIDA,Merck S/A,GLUCOVANCE,"1000mg + 5,0mg",com rev,21/01/2013
CLORIDRATO DE METOCLOPRAMIDA + DIMETICONA + PEPSINA,Aché,DIGEPLUS,7mg + 40mg + 50mg,cap  dura,12/11/2012
CLORIDRATO DE MOXIFLOXACINO+ FOSFATO DE DEXAMETASONA,Alcon,VIGADEXA,5mg/mL + 1mg/mL,sol oft,12/11/2012
CLORIDRATO DE NAFAZOLINA  + MALEATO DE FENIRAMINA,Alcon,CLARIL,"0,25mg/mL+ 3mg/mL",sol oft,12/11/2012
CLORIDRATO DE NAFAZOLINA  + SULFATO DE ZINCO,Sanofi-Aventis,COLÍRIO MOURA BRASIL,"0,15mg/mL +0,30mg/mL",sol oft,12/11/2012
CLORIDRATO DE OXITETRACICLINA + HIDROCORTISONA,Pfizer,TERRA CORTRIL,30mg/g + 10mg/g,pom top,12/11/2012
CLORIDRATO DE OXITETRACICLINA + LlDOCAÍNA,Pfizer,TERRAMICINA,100mg/mL + 20mg/mL,sol inj,12/11/2012
CLORIDRATO DE OXITETRACICLINA + SULFATO DE POLIMIXINA B,Pfizer,TERRAMICINA COM SULFATO DE POLIMIXINA B,30mg/g + 10.000U/g,pom top,12/11/2012
CLORIDRATO DE OXITETRACICLINA + SULFATO DE POLIMIXINA B,Pfizer,TERRAMICINA COM SULFATO DE POLIMIXINA B,5mg/g + 10.000U/g,pom oft,12/11/2012
CLORIDRATO DE PIOGLITAZONA + CLORIDRATO DE METFORMINA,Abbott,ACTOS MET,15 MG + 500MG,com rev,12/11/2012
CLORIDRATO DE PIOGLITAZONA + CLORIDRATO DE METFORMINA,Abbott,ACTOS MET,15MG + 850 MG,com rev,12/11/2012
CLORIDRATO DE PROPRANOLOL + HIDROCLOROTIAZIDA,Sigma Pharma,TENADREN,"40 mg + 12,5 mg",com,12/11/2012
CLORIDRATO DE PROPRANOLOL + HIDROCLOROTIAZIDA,Sigma Pharma,TENADREN,"80 mg +12,5 mg",com,12/11/2012
CLORIDRATO DE TRAMADOL + PARACETAMOL,Janssen Cilag,ULTRACET,"37,5 mg + 325 mg",com rev,12/11/2012
CLOTRIMAZOL + ACETATO DE DEXAMETASONA,Bayer,BAYCUTEN-N,"10mg/g + 0,443mg/g",crem derm,12/11/2012
COBAMAMIDA + CLORIDRATO DE CIPROEPTADINA,Solvay Farma,COBAVITAL,1mg + 4mg,com,12/11/2012
COBAMAMIDA + CLORIDRATO DE CIPROEPTADINA,Solvay Farma,COBAVITAL,"0,8mg/mL + 4mg/g",xpe,12/11/2012
DESLORATADINA + SULFATO DE PSEUDOEFEDRINA,Mantecorp,DESALAEX D12,"2,5 mg+ 120 mg",com rev,21/01/2013
DESOGESTREL + ETINILESTRADIOL,Schering-Plough,GRACIAL,"0,025mg + 0,04mg (com branco) + 0,125mg + 0,03mg (com azul)",com,12/11/2012
DESOGESTREL + ETINILESTRADIOL,Schering-Plough,MERCILON CONTI,150+20 μg (com branco) / 0+10 μg (com amarelo),com rev,12/11/2012
DESOXIMETASONA + SULFATO DE NEOMICINA,Sanofi-Aventis,ESPERSON N,"2,5 mg + 7,1 mg",pom derm,12/11/2012
DEXAMETASONA + SULFATO DE NEOMICINA + SULFATO DE POLIMIXINA B,Alcon,MAXITROL,"1mg/mL + 5,0 mg/mL + 6.000 UI/mL",susp oft,12/11/2012
DEXAMETASONA + SULFATO DE NEOMICINA + SULFATO DE POLIMIXINA B,Alcon,MAXITROL,"1mg/mL + 5,0 mg/mL + 6.000 UI/mL",pom oft,12/11/2012
DEXTRANO 70 + HIPROMELOSE,Alcon,LACRIMA PLUS,1mg/mL + 3mg/mL,sol oft,12/11/2012
DEXTRANO 70 + HIPROMELOSE + GLICEROL,Alcon,TRISORB,1mg/mL + 3mg/mL  + 2mg/mL,sol oft,12/11/2012
DICLOFENADO SÓDICO + FOSFATO DE CODEÍNA,Novartis Biociências,CODATEN,50mg + 50 mg,com rev,12/11/2012
DIISETIONATO DE HEXAMIDINA + CLORIDRATO DE TETRACAINA,Sanofi-Aventis,HEXOMEDINE,"1mg/mL + 0,5mg/mL",colut spr,12/11/2012
DIMENIDRINATO + CLORIDRATO DE PIRIDOXINA,Nycomed,DRAMIN B6,25 mg/mL + 5 mg/mL,sol or,12/11/2012
DIMENIDRINATO + CLORIDRATO DE PIRIDOXINA,Nycomed,DRAMIN B6,50 mg + 10 mg,com rev,12/11/2012
DIMENIDRINATO + CLORIDRATO DE PIRIDOXINA,Nycomed,DRAMIN B6,50 mg/mL + 50 mg/mL,sol inj,12/11/2012
DIMENIDRINATO + CLORIDRATO DE PIRIDOXINA + GLICOSE + FRUTOSE,Nycomed,DRAMIN B6 DL,3 mg/mL + 5 mg/mL + 100 mg/mL +,sol inj,12/11/2012
DIPIRONA SÓDICA + CAFEÍNA,Lab. Americano de,CAFILISADOR,500mg + 65mg,com,12/11/2012
DIPIRONA SÓDICA MONO-HIDRATADA + CAFEÍNA ANIDRA + CITRATO DE,Sanofi-Aventis,DORFLEX,300 mg + 50mg +,com,12/11/2012
DIPIRONA SÓDICA MONO-HIDRATADA + CAFEÍNA ANIDRA + CITRATO DE,Sanofi-Aventis,DORFLEX,300mg/ml      +          50mg/ml           +,sol or,12/11/2012
DIPIRONA SÓDICA + MESILATO DE DIIDROERGOTAMINA+ CAFEÍNA,Aché,CEFALIV,350mg + 1mg + 100mg,com,12/11/2012
BECLOMETASONA (DIPROPIONATO)+SALBUTAMOL(SULFATO),Chiesi,CLENIL COMPOSITUM HFA SPR,50mcg /dose+100mcg/dose,sol aer inal or + inal,12/11/2012
BECLOMETASONA (DIPROPIONATO)+SALBUTAMOL(SULFATO),Chiesi,CLENIL COMPOSITUM HFA JET,50mcg /dose+100mcg/dose,sol aer inal or + espç,12/11/2012
BECLOMETASONA (DIPROPIONATO)+SALBUTAMOL(SULFATO),Chiesi,CLENIL COMPOSITUM HFA  SPR JET,50mcg /dose+100mcg/dose,sol aer inal + inal + espç,12/11/2012
BECLOMETASONA (DIPROPIONATO)+SALBUTAMOL(SULFATO),Chiesi,CLENIL COMPOSITUM HFA SPR,250mcg/dose +100mcg/dose,sol  aer inal or+ inal,12/11/2012
BETAMETASONA (DIPROPIONATO) + ÁCIDO SALICÍLICO,Mantecorp,DIPROSALIC,"0,64mg + 20mg",sol top,12/11/2012
BETAMETASONA (DIPROPIONATO) + ÁCIDO SALICÍLICO,Mantecorp,DIPROSALIC,"0,64mg + 30mg",pom derm,12/11/2012
BETAMETASONA ( DIPROPIONATO)+BETAMETASONA( FOSFATO DISSÓDICO),Mantecorp,DIPROSPAN / DIPROSPAN HYPAK,"5,0mg/mL + 2,0mg/mL",susp inj,12/11/2012
BETAMETASONA (DIPROPIONATO) + SULFATO DE GENTAMICINA,Mantecorp,DIPROGENTA,"0,5mg  + 1mg",crem derm,12/11/2012
BETAMETASONA (DIPROPIONATO) + SULFATO DE GENTAMICINA,Mantecorp,DIPROGENTA,"0,5mg + 1mg",pom derm,12/11/2012
BIMATOPROSTA + MALEATO DE TIMOLOL,Allergan,GANFORT,"0,3mg/ml + 5,0 mg/ml",sol oft,21/01/2013
DROSPIRENONA + ETINILESTRADIOL,Schering do Brasil,YASMIN,"3mg + 0,03mg",com rev,12/11/2012
DROSPIRENONA + ETINILESTRADIOL (BETADEXCLATRATO),Schering do Brasil,YAZ,"3mg + 0,02mg",com rev,12/11/2012
DUTASTERIDA + CLORIDRATO DE TANSULOSINA,Glaxosmithkline,COMBODART,"0,5mg+ 0,4mg",cap dura,23/07/2013
EBASTINA + CLORIDRATO DE PSEUDOEFEDRINA,Eurofarma,EBASTEL D,10mg + 120mg,cap dura,12/11/2012
ENANTATO DE NORETISTERONA + VALERATO DE ESTRADIOL,Schering do Brasil,MESIGYNA,50mg/mL + 5mg/mL,sol ole inj,12/11/2012
ENTRICITABINA + FUMARATO DE TENOFOVIR DESOPROXILA,United Medical Ltda,TRUVADA,200mg+300mg,com revestido,10/05/2013
ESCINA AMORFA + SALICILATO DE DIETILAMÔNIO,Nycomed,REPARIL,10mg/g + 50mg/g,gel,12/11/2012
ESTRADIOL + DIDROGESTERONA,Solvay Farma,FEMOSTON CONTI,1mg + 5mg,com rev,12/11/2012
ESTRADIOL + DIDROGESTERONA,Solvay Farma,FEMOSTON,1mg + 0mg (com branco) + 1mg +,com rev,12/11/2012
ESTRADIOL ( VALERATO) + DIENOGESTE,Bayer,QLAIRA,3mg+2mg/2mg+3mg/1mg,com rev,21/01/2013
ESTRADIOL + GESTODENO,Schering do Brasil,AVADEN,"1mg + 0mg + 1mg + 0,025mg",com rev,12/11/2012
ESTRADIOL HEMIHIDRATO + ACETATO DE NORESTISTERONA,Novartis Biociências,ESTALIS,50mcg + 140mcg,ades,12/11/2012
ESTRADIOL HEMIHIDRATO + ACETATO DE NORESTISTERONA,Schering do Brasil,CLIANE,2mg + 1mg,com rev,12/11/2012
ESTRADIOL HEMIIDRATADO + DROSPIRENONA,Schering do Brasil,ANgelIQ,1mg + 2mg,com rev,12/11/2012
ESTRADIOL+ ESTRADIOL+ TRIMEGESTONA,Wyeth,TOTELLE CICLO,"1mg+1mg+0,250mg",drag,12/11/2012
ESTRADIOL + TRIMEGESTONA,Wyeth,TOTELLE,"1mg+0,125mg",drag,12/11/2012
ETINILESTRADIOL + ETONOGESTREL,Shering Plough,NUVARING,"2,7mg+11,7mg",anel vaginal,12/11/2012
ETINILESTRADIOL + DESOGESTREL,Akzo Organon,MERCILON,"0,02mg + 0,15mg",com,12/11/2012
ETINILESTRADIOL + DESOGESTREL,Akzo Organon,MICRODIOL,"0,03mg + 0,15mg",com,12/11/2012
ETINILESTRADIOL + DROSPIRENONA,Libbs,ELANI,"0,03m + 3mg",com rev,21/01/2013
ETINILESTRADIOL + GESTODENO,Schering do Brasil,FEMIANE,"0,020mg + 0,075mg",drag,12/11/2012
ETINILESTRADIOL + GESTODENO,Wyeth,MINESSE,"0,015mg + 0,060mg",com rev,12/11/2012
ETINILESTRADIOL + GESTODENO,Wyeth,MINULET,"0,030mg + 0,075mg",drag,12/11/2012
ETINILESTRADIOL + NORELGESTROMINA,Janssen Cilag,EVRA,"0,6mg + 6mg",ades,12/11/2012
ETINILESTRADIOL + NORETINDRONA,Sanval,CICLOVULON,"0,05mg + 0,25mg",com,12/11/2012
EZETIMIBA + SINVASTATINA,"Merck, Sharp & Dohme",VYTORIN,10mg + 10mg,com,12/11/2012
EZETIMIBA + SINVASTATINA,"Merck, Sharp & Dohme",VYTORIN,10mg + 20mg,com,12/11/2012
EZETIMIBA + SINVASTATINA,"Merck, Sharp & Dohme",VYTORIN,10mg + 40mg,com,12/11/2012
EZETIMIBA + SINVASTATINA,"Merck, Sharp & Dohme",VYTORIN,10mg + 80mg,com,12/11/2012
TRETINOÍNA + FOSFATO DE CLINDAMICINA,THERASKIN FARMACEUTICA L,VITACID ACNE,"0,25 MG/G + 12 MG/G (EQ. 10MG/G)",Gel,12/11/2012
FLUOCINOLONA ACETONIDA + HIDROQUINONA + TRETINOÍNA,Galderma,TRI-LUMA,"0,1mg/g + 40mg/g + 0,5mg/g",crem derm,12/11/2012
FLUOCINOLONA ACETONIDA + SULFATO DE POLIMIXINA B + SULFATO DENEOMICINA + CLORIDRATO DE LIDOCAÍNA,Roche,OTOSYNALAR,"0,250mg/mL + 10.000UI/mL + 3,5mg/mL + 20mg/mL",sol oto,12/11/2012
FOSFATO DE SITAGLIPTINA + CLORIDRATO DE METFORMINA,"Merck ,Sharp & Dohme",JANUMET,50mg + 500mg,com rev,12/11/2012
FOSFATO DE SITAGLIPTINA + CLORIDRATO DE METFORMINA,"Merck ,Sharp & Dohme",JANUMET,50 mg +850 mg,com rev,12/11/2012
FOSFATO DE SITAGLIPTINA + CLORIDRATO DE METFORMINA,"Merck ,Sharp & Dohme",JANUMET,50 mg +1000 mg,com rev,12/11/2012
FORMOTEROL FUMARATO DIIDRATADO) + BUDESONIDA,Astrazeneca,SYMBICORT TURBUHALER,12mcg/dose + 400mcg/dose,inal po inal or,12/11/2012
FORMOTEROL FUMARATO DIIDRATADO) + BUDESONIDA,Astrazeneca,SYMBICORT TURBUHALER,6 mcg /dose + 100mcg/dose,inal po inal or,12/11/2012
FORMOTEROL FUMARATO DIIDRATADO) + BUDESONIDA,Astrazeneca,SYMBICORT TURBUHALER,"6,0mcg /dose+ 200mcg/dose",inal po inal or,12/11/2012
FUMARATO DE FORMOTEROL DIIDRATADO + BUDESONIDA,Biosintética,ALENIA,6mcg/dose + 100mcg/dose,cap dura  po inal or + inal,12/11/2012
FUMARATO DE FORMOTEROL DIIDRATADO + BUDESONIDA,Biosintética,ALENIA,6mcg/dose + 200mcg/dose,cap dura  po inal or + inal,12/11/2012
FUMARATO DE FORMOTEROL DIIDRATADO + BUDESONIDA,Novartis Biociências,FORASEQ,12mcg/dose + 200mcg/dose,cap dura  po inal or + inal,12/11/2012
FUMARATO DE FORMOTEROL DIIDRATADO + BUDESONIDA,Novartis Biociências,FORASEQ,12mcg/dose + 400mcg/dose,cap dura  po inal or + inal,12/11/2012
FUMARATO DE FORMOTEROL DIIDRATADO + BUDESONIDA,"","","","",17/03/2014
FORMOTEROL FUMARATO DIIDRATADO) + BUDESONIDA,Astrazeneca,VANNAIR,6 mcg /dose+100mcg/dose,inal sus aer inal or,12/11/2012
FORMOTEROL FUMARATO DIIDRATADO) + BUDESONIDA,Astrazeneca,VANNAIR,6 mcg /dose+200mcg/dose,inal sus aer inal or,12/11/2012
BECLOMETASONA (DIPROPIONATO)+SALBUTAMOL(SULFATO),Chiesi,CLENIL COMPOSITUM HFA JET,250mcg/dose +100mcg/dose,sol aer inal or + espç,12/11/2012
BECLOMETASONA (DIPROPIONATO)+SALBUTAMOL(SULFATO),Chiesi,CLENIL COMPOSITUM HFA SPR JET,250mcg/dose +100mcg/dose,sol aer inal or+ inal + espç,12/11/2012
MOMETASONA (FUROATO) + FORMOTEROL( FUMARATO DIIDRATADO),Schering-Plough,ZENHALE,50 mcg/ dose+5mcg/dose,sus aer inal or +inal,12/11/2012
MOMETASONA (FUROATO) + FORMOTEROL( FUMARATO DIIDRATADO),Schering-Plough,ZENHALE,100 mcg/dose+5mcg/dose,sus aer inal or +inal,12/11/2012
MOMETASONA (FUROATO) + FORMOTEROL( FUMARATO DIIDRATADO),Schering-Plough,ZENHALE,200 mcg/dose+5mcg/dose,sus aer inal or +inal,12/11/2012
GATIFLOXACINO + PREDNISOLONA,Allergan,ZYPRED,3mg/ml + 10mg/ml,sus oft,24/06/2013
GLIMEPIRIDA + METFORMINA (CLORIDRATO),Aché,MERITOR,"2,0+1000 mg / 4,0+1000 mg",com rev,12/11/2012
GLIMEPIRIDA + METFORMINA (CLORIDRATO),Sanofi-Aventis,AMARYL MET XL,2mg+500mg,comp  rev lib prol,12/11/2012
HEMIFUMARATO DE BISOPROLOL + HIDROCLOROTIAZIDA,Merck S/A,BICONCOR,"10mg + 6,25mg",com rev,12/11/2012
HEMIFUMARATO DE BISOPROLOL + HIDROCLOROTIAZIDA,Merck S/A,BICONCOR,"2,5mg + 6,25mg",com rev,12/11/2012
HEMIFUMARATO DE BISOPROLOL + HIDROCLOROTIAZIDA,Merck S/A,BICONCOR,"5mg + 6,25mg",com rev,12/11/2012
HIALURONIDASE + VALERATO DE BETAMETASONA,Apsen,POSTEC,"150 UTR/g + 2,5mg/g",pom,12/11/2012
HIDRATO DE CALCIPOTRIOL + DIPROPIONATO DE BETAMETASONA,Leo Pharma,DAIVOBET,"50mcg/g + 0,5mg/g",pom,17/03/2014
HIDROCORTISONA + SULFATO DE NEOMICINA + SULFATO DE POLIMIXINA B,Farmoquímica,OTOSPORIN,10.000UI + 5mg/mL + 10mg/mL,sups otol,31/03/2013
HIDROCLOROTIAZIDA + CLORIDRATO DE AMILORIDA,"Merck, Sharp & Dohme",MODURETIC,"25mg + 2,5mg",com,12/11/2012
HIDROCLOROTIAZIDA + CLORIDRATO DE AMILORIDA,"Merck, Sharp & Dohme",MODURETIC,"50mg + 5,0mg",com,12/11/2012
HIDROCLOROTIAZIDA + TELMISARTANA,Boehringer Ingelheim,MICARDIS HCT,80 mg + 25 mg,com,12/11/2012
HIDRÓXIDO DE ALUMÍNIO + HIDRÓXIDO DE MAGNÉSIO + SIMETICONA,Sanofi-Aventis,MAALOX PLUS,153mg + 200mg + 25mg,com mast,12/11/2012
HIDRÓXIDO DE ALUMÍNIO + HIDRÓXIDO DE MAGNÉSIO + SIMETICONA,Sanofi-Aventis,MAALOX PLUS,37mg/mL + 40mg/mL + 5mg/mL,sups or,12/11/2012
IMIPENEM + CILASTATINA SÓDICA,"Merck, Sharpe  & Dohme",TIENAN,500mg + 500mg,po sol infus i.v.,17/03/2014
IRBESARTANA + HIDROCLOROTIAZIDA,Sanofi-Aventis,APROZIDE,"150mg + 12,5mg",com,12/11/2012
IRBESARTANA + HIDROCLOROTIAZIDA,Sanofi-Aventis,APROZIDE,"300 mg + 12,5 mg",com,12/11/2012
IRBESARTANA + HIDROCLOROTIAZIDA,Sanofi-Aventis,APROZIDE,300 mg + 25 mg,com,17/03/2014
ISETIONATO DE HEXAMIDINA + CLORIDRATO DE TETRACAÍNA,Sanofi-Aventis,HEXOMEDINE,"1mg/ml +0,5mg/ml",spr oral,17/03/2014
ISOTRETINOINA + ERITROMICINA,Stiefel,ISOTREXIN,"0,5mg/g + 20,0mg/g",gel,12/11/2012
LAMIVUDINA + FUMARATO DE TENOFOVIR  DESOPROXILA,Blanver,DUPLIVIR,300mg+300mg,com revestido,17/03/2014
LAMIVUDINA + ZIDOVUDINA,Glaxosmithkline,BIOVIR,150mg + 300mg,com rev,12/11/2012
LANSOPRAZOL + CLARITROMICINA + AMOXICILINA (TRIIDRATADA ),Medley,PYLORIPAC,30mg + 500mg + 500mg,cap dura lib retard + comp rev + cap dura,12/11/2012
LANSOPRAZOL + LEVOFLOXACINO + AMOXICILINA (TRIIDRATADA  ),Medley,PyLORIPAC RETRAT,30mg+500mg+500mg,cap gelat dura  lib retard + comp rev + cap dura,12/11/2012
LATANOPROSTA + MALEATO DE TIMOLOL,Pfizer,XALACON,50mcg/mL + 5mg/mL,sol oft,12/11/2012
LEVODOPA + CARBIDOPA + ENTACAPONA,Novartis Biociências,STALEVO,"50mg+12,5mg+200mg",com rev,12/11/2012
LEVODOPA + CARBIDOPA + ENTACAPONA,Novartis Biociências,STALEVO,100mg + 25mg + 200mg,com rev,12/11/2012
LEVODOPA + CARBIDOPA + ENTACAPONA,Novartis Biociências,STALEVO,"150mg + 37,5mg + 200mg",com rev,12/11/2012
LEVODOPA + CLORIDRATO DE BENSERAZIDA,Roche,PROLOPA,200mg + 50mg,com,12/11/2012
LEVODOPA + CLORIDRATO DE BENSERAZIDA,Roche,PROLOPA BD,100mg + 25mg,com,23/07/2013
LEVODOPA + CLORIDRATO DE BENSERAZIDA,Roche,PROLOPA HBS,100mg + 25mg,cap  dura,12/11/2012
LEVONOGESTREL + ETINILESTRADIOL,Schering do Brasil,NEOVLAR,"0,25mg + 0,05mg",drag,12/11/2012
LEVONORGESTREL + ETINILESTRADIOL,Biolab Sanus,LEVEL,"0,10mg + 0,02mg",com rev,12/11/2012
LEVONORGESTREL + ETINILESTRADIOL,Wyeth,NORDETTE,"0,15mg + 0,03mg",drag,12/11/2012
LEVONORGESTREL + ETINILESTRADIOL,Wyeth,EVANOR,"0,25mg + 0,05mg",com,12/11/2012
LEVONORGESTREL + ETINILESTRADIOL,Schering do Brasil,TRIQUILAR,"0,05mg + 0,03mg (drag a) + 0,075mg +0,04mg (drag b) + 0,125mg + 0,03mg (drag c)",drag,12/11/2012
LIDOCAÍNA + PRILOCAÍNA,Astrazeneca,EMLA,25mg/g + 25mg/g,crem derm,12/11/2012
LISINOPRIL + HIDROCLOROTIAZIDA,"Merck, Sharp & Dohme",PRINZIDE,"10mg + 12,5mg",com,12/11/2012
LISINOPRIL + HIDROCLOROTIAZIDA,"Merck, Sharp & Dohme",PRINZIDE,"20mg + 12,5mg",com,12/11/2012
LOPINAVIR + RITONAVIR,Abbott,KALETRA,100 mg+ 25 mg,com rev,12/11/2012
LOPINAVIR + RITONAVIR,Abbott,KALETRA,200 mg +50 mg,com rev,12/11/2012
LOPINAVIR + RITONAVIR,Abbott,KALETRA,80mg/mL + 20mg/mL,sol or,12/11/2012
LORATADINA + SULFATO DE PSEUDOEFEDRINA,Mantecorp,CLARITIN D,10mg + 240mg,com rev,12/11/2012
LORATADINA + SULFATO DE PSEUDOEFEDRINA,Mantecorp,CLARITIN D,1mg/mL + 12mg/mL,xpe,12/11/2012
LORATADINA + SULFATO DE PSEUDOEFEDRINA,Mantecorp,CLARITIN D,5mg + 120mg,drag,12/11/2012
LOSARTANA POTÁSSICA + BESILATO DE ANLODIPINO,Torrent,BRANTA,50mg +5mg,com rev,16/05/2013
LOSARTAN POTÁSSICO + HIDROCLOROTIAZIDA,"Merck, Sharp & Dohme",HYZAAR,100mg + 25mg,com rev,12/11/2012
LOSARTAN POTÁSSICO + HIDROCLOROTIAZIDA,"Merck, Sharp & Dohme",HYZAAR,"50mg + 12,5mg",com rev,12/11/2012
MACROGOL 3350 + BICARBONATO DE SÓDIO + CLORETO DE POTÁSSIO + CLORETO DE SÓDIO,Libbs,MUVINLAX,"13,125 g + 0,1775 g + 0,0466 g + 0,3507 g",po sol or,12/11/2012
MAGALDRATO + DIMETICONA,Nycomed,RIOPAN PLUS,800mg + 100mg,com mast,12/11/2012
MAGALDRATO + DIMETICONA,Nycomed,RIOPAN PLUS,80mg/mL + 10mg/mL,sups or,12/11/2012
MALEATO DE BRONFENIRAMINA + CLORIDRATO DE PSEUDOEFEDRINA,Wyeth,DIMETAPP (elx),"0,2mg/mL + 3mg/mL",elx,12/11/2012
MALEATO DE BRONFENIRAMINA + CLORIDRATO DE PSEUDOEFEDRINA,Wyeth,DIMETAPP (gelCAPS),4mg + 60mg,cap mole,12/11/2012
MALEATO DE BRONFENIRAMINA + CLORIDRATO DE PSEUDOEFEDRINA,Wyeth,DIMETAPP (GOTAS),"0,2mg/mL + 3mg/mL",sol or,12/11/2012
MALEATO DE DEXCLORFENIRAMINA + BETAMETASONA,Mantecorp,CELESTAMINE,"2,0mg + 0,25mg",com,12/11/2012
MALEATO DE DEXCLORFENIRAMINA + BETAMETASONA,Mantecorp,CELESTAMINE,"0,4mg/mL + 0,05mg/mL",xpe,12/11/2012
MALEATO DE ENALAPRIL + BESILATO DE ANLODIPINO,Biosintética,SINERGEN,"2,5mg + 10mg",cap dura,12/11/2012
MALEATO DE ENALAPRIL + BESILATO DE ANLODIPINO,Biosintética,SINERGEN,"5,0mg + 10mg",cap dura,12/11/2012
MALEATO DE ENALAPRIL + BESILATO DE ANLODIPINO,Biosintética,SINERGEN,"5,0mg + 20mg",cap dura,12/11/2012
MALEATO DE ENALAPRIL + HIDROCLOROTIAZIDA,"Merck, Sharp & Dohme",CO-RENITEC,10mg + 25mg,com,12/11/2012
MALEATO DE ENALAPRIL + HIDROCLOROTIAZIDA,"Merck, Sharp & Dohme",CO-RENITEC,"20mg + 12,5mg",com,12/11/2012
MALEATO DE ROSIGLITAZONA + CLORIDRATO DE METFORMINA,Glaxosmithkline,AVANDAMET,2mg + 500mg,com rev,12/11/2012
MALEATO DE ROSIGLITAZONA + CLORIDRATO DE METFORMINA,Glaxosmithkline,AVANDAMET,4mg + 500mg,com rev,12/11/2012
MEPARTRICINA + CLORIDRATO DE TETRACICLINA,Aché,TRICANGINE-A,5000UI/g + 20mg/g,crem vag,12/11/2012
MESILATO DE DIIDROERGOTAMINA + PARACETAMOL + CAFEÍNA,Novartis Biociências,PARCEL,1mg + 450mg + 40mg,drag,12/11/2012
MESILATO DE DIIDROERGOTAMINA + PARACETAMOL + CAFEÍNA + CLORIDRATO DE METOCLOPRAMIDA,Aché,CEFALIUM,1mg + 450mg + 75mg +10mg,com,12/11/2012
MESILATO DE DOXASOZINA +FINASTERIDA,Eurofarma,DUOMO HP,2mg+ 5mg,cap gelat dura,19/04/2013
METRONIDAZOL + NISTATINA,Sanofi-Aventis,FLAGYL NISTATINA,100mg/g + 20.000U/g,crem vag,12/11/2012
METRONIDAZOL + NITRATO DE MICONAZOL,BAyer,GYNOTRAN,150mg+40mg,crem vag,17/03/2014
METRONIDAZOL + NITRATO DE MICONAZOL,BAyer,GYNOTRAN,750mg+200mg,ovulo vag,17/03/2014
MUCATO DE ISOMETEPTENO + DIPIRONA SÓDICA + CAFEÍNA ANIDRA,Nycomed,NEOSALDINA,30mg + 300mg + 30mg,drag,12/11/2012
NAPROXENO + ESOMEPRAZOL MAGNÉSIO TRI-HIDRATADO,Astrazeneca,VIMOVO,500mg +200mg,com revestido,17/03/2014
NISTATINA + ÓXIDO DE ZINCO,Takeda,DERMODEX,100.000U/g + 200mg/g,pomd derm,13/03/2013
NORETISTERONA + VALERATO DE ESTRADIOL MICRONIZADO,Novartis Biociências,MERIGEST,"2mg + 0,7mg",com rev,12/11/2012
NORGESTREL + ETINILESTRADIOL,Wyeth,ANFERTIL,"0,5mg + 0,05mg",com,12/11/2012
OLMESARTANA MEDOXOMILA + ANLODIPINO,Daiichi Sankyo,BENICARANLO,20mg + 5mg,com rev,12/11/2012
OLMESARTANA MEDOXOMILA + ANLODIPINO,Daiichi Sankyo,BENICARANLO,40mg + 5mg,com rev,12/11/2012
OLMESARTANA MEDOXOMILA + ANLODIPINO,Daiichi Sankyo,BENICARANLO,40mg +10mg,com rev,12/11/2012
OLMESARTANA MEDOXOMILA + HIDROCLOROTIAZIDA,Sankyo Pharma,BENICAR HCT,"20mg + 12,5mg",com rev,12/11/2012
OLMESARTANA MEDOXOMILA + HIDROCLOROTIAZIDA,Sankyo Pharma,BENICAR HCT,"40mg + 12,5mg",com rev,12/11/2012
OLMESARTANA MEDOXOMILA + HIDROCLOROTIAZIDA,Sankyo Pharma,BENICAR HCT,40mg + 25mg,com rev,12/11/2012
OMEPRAZOL + CLARITROMICINA + AMOXICILINA,Libbs,ERRADIC U.G.,20mg + 500mg + 500mg,cap  dura + comp rev + cap dura,12/11/2012
PARACETAMOL + CAFEÍNA,Johnson & Johnson,TYLENOL DC,500mg + 65mg,com rev,02/08/2013
PARACETAMOL + CAFEÍNA ANIDRA,Glaxosmithkline,SONRIDOR CAF,500mg + 65mg,comp eferv,31/01/2013
PARACETAMOL + ÁCIDO ACETILSALICILICO+ CAFEÍNA,Novartis Biociências,CIBALENA A,250mg+250mg+65mg,com rev,12/11/2012
PARACETAMOL + CARISOPRODOL + DICLOFENACO SÓDICO + CAFEÍNA ANIDRA,Aché,TANDRILAX,300mg +      125mg +               50mg + 30mg,com,12/11/2012
PARACETAMOL + CLORIDRATO DE FENILEFRINA+ MALEATO DE CARBINOXAMINA,Bristol Myers Squibb,NALDECON,"40mg/mL + 1mg/mL+ 0,4 mg/mL",sol or,12/11/2012
PARACETAMOL + CLORIDRATO DE FENILEFRINA (COM AMARELO) + PARACETAMOL(COM BRANCO),Bristol Myers Squibb,NALDECON DIA,400mg + 20mg (com amarelo) + 400mg (com branco),com,12/11/2012
PARACETAMOL + CLORIDRATO DE FENILEFRINA (com amarelo) + PARACETAMOL +MALEATO DE CARBINOXAMINA (com laranja),Bristol Myers Squibb,NALDECON,400mg + 20mg (com amarelo) + 400mg + 4mg (com laranja),com,12/11/2012
PARACETAMOL + CLORIDRATO DE FENILEFRINA (com amarelo) + PARACETAMOL +MALEATO DE CARBINOXAMINA (com laranja),Bristol Myers Squibb,Naldecon Pack,400mg + 20mg (com amarelo) + 400mg + 4mg (com laranja)+ 400mg (com branco),com,12/11/2012
PARACETAMOL + CLORIDRATO DE FENILEFRINA + MALEATO DE CLORFENIRAMINA,Pharmascience,RESFEDRYL,400mg/5g + 4mg/5g + 4mg/ 5g,po sol or,23/07/2013
PARACETAMOL + CLORIDRATO DE FENILEFRINA + MALEATO DE CLORFENIRAMINA,Kley Hertz,RESFENOL,400mg + 4mg + 4mg,caps gelat dura,23/07/2013
PARACETAMOL + CLORIDRATO DE FENILEFRINA + MALEATO DE CLORFENIRAMINA,Kley Hertz,RESFENOL,"40mg/mL + 0,6mg/mL + 0,6mg/mL",solç or,23/07/2013
PARACETAMOL + CLORIDRATO DE PSEUDOEFEDRINA,Janssen Cilag,TYLENOL SINUS,500mg + 30mg,com rev,12/11/2012
PARACETAMOL+ CLORZOXAZONA,Janssen Cilag,PARALON,300mg + 200mg,com,12/11/2012
PARACETAMOL + FOSFATO DE CODEINA,Janssen Cilag,TYLEX,500mg + 30mg,com,12/11/2012
PARACETAMOL + FOSFATO DE CODEÍNA,Janssen Cilag,TYLEX,"500mg + 7,5mg",com,12/11/2012
PARACETAMOL + PROPIFENAZONA + CAFEÍNA,Roche,SARIDON,250mg + 150mg + 50mg,com,12/11/2012
PERINDOPRIL + INDAPAMIDA,Servier,COVERSYL PLUS,"4mg + 1,25mg",com,12/11/2012
PICOSSULFATO DE SÓDIO + ÓLEO MINERAL + ÁGAR-ÁGAR,Johnson & Johnson,AGAROL,"0,344mg/mL + 282,25 mg/mL +",emul or,12/11/2012
PIPERACILINA SÓDICA + TAZOBACTAM SÓDICA,Wyeth,TAZOCIN,2g + 250mg,po liof sol inj,12/11/2012
PIPERACILINA SÓDICA + TAZOBACTAM SÓDICA,Wyeth,TAZOCIN,4g + 500mg,po liof sol inj,12/11/2012
POLICRESULENO + CLORIDRATO DE CINCHOCAÍNA,Nycomed,PROCTYL,100mg/g + 10mg/g,pom ret,12/11/2012
POLICRESULENO + CLORIDRATO DE CINCHOCAÍNA,Nycomed,PROCTYL,240mg/g + 24mg/g,sups,12/11/2012
RAMIPRIL  + HIDROCLOROTIAZIDA,Sanofi-Aventis,TRIATEC D,5mg + 25mg,com,12/11/2012
RAMIPRIL  + HIDROCLOROTIAZIDA,Libbs,NAPRIX D,"5mg + 12,5mg",com,12/11/2012
RAMIPRIL + BESILATO DE ANLODIPINO,Libbs,NAPRIX A,10mg + 10mg,cap dura,12/11/2012
RAMIPRIL + BESILATO DE ANLODIPINO,Libbs,NAPRIX A,"2,5mg + 5mg",cap dura,12/11/2012
RAMIPRIL + BESILATO DE ANLODIPINO,Libbs,NAPRIX A,10mg + 5mg,cap dura,12/11/2012
RAMIPRIL + BESILATO DE ANLODIPINO,Libbs,NAPRIX A,5mg + 5mg,cap dura,12/11/2012
SUCCINATO DE METOPROLOL + HIDROCLOROTIAZIDA,Astrazeneca,SELOPRESS ZOK,"95mg + 12,5mg",com rev lib control,12/11/2012
SULFADIAZINA DE PRATA  + NITRATO DE CÉRIO,Silvestre,DERMACERIUM,10mg/g + 4mg/g,crem derm,12/11/2012
SULFAMETOXAZOL + TRIMETOPRIMA,Roche,BACTRIM,400mg + 80mg,com,12/11/2012
SULFAMETOXAZOL + TRIMETOPRIMA,Roche,BACTRIM,40mg/mL + 8mg/mL,sups or,12/11/2012
SULFAMETOXAZOL + TRIMETOPRIMA,Roche,BACTRIM,800mg + 160mg,com,12/11/2012
SULFAMETOXAZOL + TRIMETOPRIMA,Roche,BACTRIM,80mg/mL + 16mg/mL,sups or,12/11/2012
SULFAMETOXAZOL + TRIMETOPRIMA,Roche,BACTRIM,80mg/mL + 16mg/mL,sol inj,12/11/2012
SULFATO DE EFEDRINA + TEOFILINA ANIDRA + DICLORIDRATO DE HIDROXIZINA,PFIZER,MARAX,25mg +  130mg + 10mg,com,12/11/2012
SULFATO DE GENTAMICINA + FOSFATO DISSÓDICO DE BETAMETASONA,Mantecorp,GARASONE,3mg/mL + 1mg/mL,sol oft (got),12/11/2012
SULFATO DE GLICOSAMINA + CLORIDRATO DE LIDOCAÍNA,Zodiac,INJEFLEX,200mg/mL + 5mg/mL,sol inj,12/11/2012
SULFATO DE NEOMICINA + ACETATO DE CLOSTEBOL,Pfizer,TROFODERMIN,5mg/g + 5mg/g,crem derm,12/11/2012
SULFATO DE NEOMICINA + ACETATO DE CLOSTEBOL,Pfizer,TROFODERMIN,5mg/g + 5mg/g,crem vag,12/11/2012
SULFATO DE NEOMICINA + BACITRACINA ZÍNCICA,Takeda,NEBACETIN,"5mg/g (= 3,5mg/g neomicina) +",pomd derm,10/05/2013
SULFATO DE NEOMICINA + SULFATO DE POLIMIXINA + NISTATINA + TINIDAZOL,Solvay Farma,POLIGINAX,35.000UI + 35.000UI + 100.000UI + 150mg,crem vag,12/11/2012
SULFATO DE SALBUTAMOL + GUAIFENESINA,Glaxosmithkline,AEROFLUX,"0,48mg/mL + 20mg/mL",sol or,12/11/2012
SULFATO DE TERBUTALINA + GUAIFENESINA,Astrazeneca,BRICANYL COMPOSTO,"0,3mg/mL + 13,3mg/mL",xpe,12/11/2012
TARTARATO DE BRIMONIDINA + MALEATO DE TIMOLOL,Allergan,COMBIGAN,"2,0 mg/mL + 5,0 mg/mL",sol oft,12/11/2012
TARTARATO DE METOPROLOL + HIDROCLOROTIAZIDA,Astrazeneca,SELOPRESS,"100mg+12,5mg",com,12/11/2012
TELMISARTANA + HIDROCLOROTIAZIDA,Boehringer Ingelheim,MICARDIS HCT,"40 mg + 12,5 mg",com,12/11/2012
TELMISARTANA + HIDROCLOROTIAZIDA,Boehringer Ingelheim,MICARDIS HCT,"80 mg + 12,5 mg",com,12/11/2012
TELMISARTANA + BESILATO DE ANLODIPINO,Boehringer Ingelheim,MICARDIS ANLO,40mg+ 5 mg,com,21/01/2013
TELMISARTANA + BESILATO DE ANLODIPINO,Boehringer Ingelheim,MICARDIS ANLO,40mg+ 10 mg,com,21/01/2013
TELMISARTANA + BESILATO DE ANLODIPINO,Boehringer Ingelheim,MICARDIS ANLO,80mg+ 5 mg,com,21/01/2013
TELMISARTANA + BESILATO DE ANLODIPINO,Boehringer Ingelheim,MICARDIS ANLO,80mg+ 10 mg,com,21/01/2013
TICARCILINA + ÁCIDO CLAVULÂNICO,Glaxosmithkline,TIMENTIN,"3g + 0,1g",pó estéril para solução injetável,12/11/2012
TINIDAZOL + NITRATO DE MICONAZOL,Phizer,GINO-PLETIL,30mg/g + 20mg/g,crem vag,12/11/2012
TINIDAZOL + TIOCONAZOL,Pfizer,CARTRAX,30mg/g  + 20mg/g,crem vag,12/11/2012
TIOCONAZOL+ TINIDAZOL+SECNIDAZOL,Farmoquímica,GYNOPAC,20mg/g+30mg/g+1g (2 comp),crem vag + comp rev,12/11/2012
TIOCONAZOL+ TINIDAZOL+SECNIDAZOL,Farmoquímica,GYNOPAC plus,20mg/g+30mg/g+1g ( 4comp),crem vag + comp rev,12/11/2012
TOBRAMICINA + DEXAMETASONA,Alcon,TOBRADEX,"3mg + 1,0mg",susp oft,12/11/2012
TOBRAMICINA + DEXAMETASONA,Alcon,TOBRADEX,"3mg/g + 1,0mg/g",pom oft,12/11/2012
TRAVOPROSTA + MALEATO DE TIMOLOL,Alcon,DUO-TRAVATAN,"0,04mg/ml + 5,0mg/ml",sol oft,21/01/2013
TRIANCINOLONA ACETONIDA + SULFATO DE NEOMICINA + GRAMICIDINA + NISTATINA,Bristol Myers Squibb,OMCILON-A “M”,"1mg/g + 2,5mg/g + 0,25mg/g + 100.000U/g",crem derm,12/11/2012
TRIANCINOLONA ACETONIDA + SULFATO DE NEOMICINA + GRAMICIDINA + NISTATINA,Bristol Myers Squibb,OMCILON-A “M”,"1mg/g + 2,5mg/g + 0,25mg/g + 100.000U/g",pom derm,12/11/2012
VALERATO DE BETAMETASONA + CLIOQUINOL,Glaxosmithkline,BETNOVATE Q,1mg/g + 30mg/g,crem derm,12/11/2012
VALERATO DE BETAMETASONA + CLIOQUINOL,Glaxosmithkline,BETNOVATE Q,1mg/g + 30mg/g,pom derm,12/11/2012
VALERATO DE BETAMETASONA + SULFATO DE GENTAMICINA + TOLNAFTATO + CLIOQUINOL,Mantecorp,QUADRIDERM,"0,5mg/g + 1mg/g + 10mg/g + 10mg/g",crem derm,12/11/2012
VALERATO DE BETAMETASONA + SULFATO DE GENTAMICINA + TOLNAFTATO + CLIOQUINOL,Mantecorp,QUADRIDERM,"0,5mg/g + 1mg/g + 10mg/g + 10mg/g",pom derm,12/11/2012
VALERATO DE BETAMETASONA + SULFATO DE NEOMICINA,Glaxosmithkline,BETNOVATE N,1mg/g + 5mg/g,pom derm,12/11/2012
VALERATO DE BETAMETASONA + SULFATO DE NEOMICINA,Glaxosmithkline,BETNOVATE N,1mg/g + 5mg/g,crem derm,12/11/2012
VALERATO DE ESTRADIOL + ACETATO DE MEDROXIPROGESTERONA,Organon,DILENA,2mg + 0mg (com branco) + 2mg + 10mg (com azul),com rev,12/11/2012
VALSARTANA + BESILATO DE ANLODIPINO,Novartis Biociências,DIOVAN AMLO,"80mg + 5,0mg",com rev,12/11/2012
VALSARTANA + BESILATO DE ANLODIPINO,Novartis Biociências,DIOVAN AMLO,"160mg + 5,0mg",com rev,12/11/2012
VALSARTANA + BESILATO DE ANLODIPINO,Novartis Biociências,DIOVAN AMLO FIX,80mg + 5mg,com rev,12/11/2012
VALSARTANA + BESILATO DE ANLODIPINO,Novartis Biociências,DIOVAN AMLO FIX,"160mg + 5,0mg",com rev,12/11/2012
VALSARTANA + BESILATO DE ANLODIPINO,Novartis Biociências,DIOVAN AMLO FIX,"160mg + 10,0mg",com rev,12/11/2012
VALSARTANA + BESILATO DE ANLODIPINO,Novartis Biociências,DIOVAN AMLO FIX,"320mg + 5,0mg",com rev,12/11/2012
VALSARTANA + BESILATO DE ANLODIPINO,Novartis Biociências,DIOVAN AMLO FIX,"320mg + 10,0mg",com rev,12/11/2012
VALSARTANA + HIDROCLOROTIAZIDA,Novartis Biociências,DIOVAN HCT,"160mg + 12,5mg",com rev,12/11/2012
VALSARTANA + HIDROCLOROTIAZIDA,Novartis Biociências,DIOVAN HCT,160mg + 25mg,com rev,12/11/2012
VALSARTANA + HIDROCLOROTIAZIDA,Novartis Biociências,DIOVAN HCT,"80mg + 12,5mg",com rev,12/11/2012
VALSARTANA + HIDROCLOROTIAZIDA,Novartis Biociências,DIOVAN HCT,"320mg + 12,5mg",com rev,12/11/2012
VALSARTANA + HIDROCLOROTIAZIDA,Novartis Biociências,DIOVAN HCT,320mg + 25mg,com rev,12/11/2012
VALSARTANA+HIDROCLOROTIAZIDA+ BESILATO DE ANLODIPINO,Novartis Biociências,DIOVAN TRIPLO,"80 mg+12,5 mg+5mg",com + com revestido,12/11/2012
VALSARTANA+HIDROCLOROTIAZIDA+ BESILATO DE ANLODIPINO,Novartis Biociências,DIOVAN TRIPLO,"160 mg+12,5 mg+5mg",com + com revestido,12/11/2012
VALSARTANA+HIDROCLOROTIAZIDA+ BESILATO DE ANLODIPINO,Novartis Biociências,DIOVAN TRIPLO,"160 mg+12,5 mg+10mg",com + com revestido,12/11/2012
VALSARTANA+HIDROCLOROTIAZIDA+ BESILATO DE ANLODIPINO,Novartis Biociências,DIOVAN TRIPLO,160 mg+ 25 mg+ 5mg,com + com revestido,12/11/2012
VALSARTANA+HIDROCLOROTIAZIDA+ BESILATO DE ANLODIPINO,Novartis Biociências,DIOVAN TRIPLO,160 mg+ 25 mg+10mg,com + com revestido,12/11/2012
VILDAGLIPTINA + CLORIDRATO DE METFORMINA,Novartis Biociências,GALVUS MET,50+500 / 50+850 / 50+1000 mg,com rev,12/11/2012
XINAFOATO DE SALMETEROL + PROPIONATO DE FLUTICASONA,Glaxosmithkline,SERETIDE DISKUS,50 mcg /dose+ 100 mcg /dose,inal po inal or,12/11/2012
XINAFOATO DE SALMETEROL + PROPIONATO DE FLUTICASONA,Glaxosmithkline,SERETIDE DISKUS,50 mcg/dose + 250 mcg/dose,inal po inal or,12/11/2012
XINAFOATO DE SALMETEROL + PROPIONATO DE FLUTICASONA,Glaxosmithkline,SERETIDE DISKUS,50 mcg /dose+ 500 mcg/dose,inal po inal or,12/11/2012
XINAFOATO DE SALMETEROL + PROPIONATO DE FLUTICASONA,Glaxosmithkline,SERETIDE spr,25 mcg/dose + 125 mcg/dose,sups aer inal or + inal,12/11/2012
XINAFOATO DE SALMETEROL + PROPIONATO DE FLUTICASONA,Glaxosmithkline,SERETIDE spr,25 mcg/dose+ 250 mcg/dose,sups aer inal or + inal,12/11/2012
XINAFOATO DE SALMETEROL + PROPIONATO DE FLUTICASONA,Glaxosmithkline,SERETIDE spr,25 mcg/dose+ 50 mcg/dose,sups aer inal or + inal,12/11/2012
ZIDOVUDINA + LAMIVUDINA,Glaxosmithkline,BIOVIR,300mg + 150mg,com rev,12/11/2012
